,id,name,age,address,city,email,phone_number
0,7RRE187,Travis Walker,32,9232 Carter Squares Suite 376,Port Jasonview,michael95@example.net,1823798308
1,ZLM-6120,Todd Santiago,60,53030 Jones Roads Suite 020,Dawsonmouth,halljustin@example.com,9181241654
2,OHP-2176,Debbie Steele,70,7915 Daisy Cove Suite 648,North Michealfort,kimberly26@example.com,9240322643
3,FOM-7003,Kevin Smith,60,2185 Erik Burgs,New Robert,wrightjohnathan@example.com,8759647928
4,9ACU431,Rachel Moore,44,97258 Mark Neck,Zamoraville,meganmartinez@example.net,3706771578
5,PZX-277,Lauren Murphy,37,15987 Allen Lodge,North Bonnieport,robbinsjennifer@example.com,9807718225
6,YNT-403,Judy Harmon,15,14171 Linda Square Suite 809,South Tracyfurt,christopherwilliams@example.com,5980940180
7,PAX-6970,William Nicholson,35,81516 Doyle Parks Suite 848,Mcgeeport,vmyers@example.com,1337767447
8,CWW-282,Michael Miller,39,73118 Price Plaza Suite 199,West Megan,morrissara@example.net,3986048184
9,TCB-4356,Christopher Kim,48,53356 Cannon Trail Apt. 081,West Jeanville,christina40@example.net,2566125799
10,9LFL834,Leon Boone,61,51559 Little Field,Nealview,veronica19@example.net,8129502958
11,4LDA926,Caitlin Johnson,30,83844 Ross Bridge,Rochamouth,kcox@example.net,7315604089
12,2FQG213,Clarence Smith,38,9260 Daniels Springs Suite 865,North Jessica,beverly00@example.com,4805836023
13,PJJ-0189,Tracy Mullins,16,736 Garcia Village Apt. 957,Lake Carlos,rjohnson@example.net,2163320254
14,DNY-5752,Lauren Vazquez,18,46785 Melissa Parkway,Port Stephen,zacharyserrano@example.org,4744863288
15,VDN-861,Rebecca Garcia,40,7970 Smith Port Suite 912,Longmouth,krystal66@example.net,3530835824
16,ILX-581,Paige Martin,27,394 Anthony Curve,New Daniel,ryan24@example.net,7625529615
17,NUW-843,Rebecca Patterson,42,0103 Johnson Fork,Lake Margaretport,debra22@example.net,7943390505
18,ALH-983,Manuel Smith,29,80386 Reyes Village,Danielville,greese@example.com,3150039671
19,DXB-9595,Roger Hurst,47,227 Boyle Vista Apt. 777,Lake Chad,brandtnicholas@example.com,8103344072
20,FJV-0533,Ian Newman,49,451 Angela Mews,Nguyenport,stephen34@example.net,9823241011
21,ZUX-372,Lauren Curry,62,74694 Morris Villages Suite 343,Timothyfort,matthew66@example.com,8933318556
22,ZCM-5376,Virginia Newman,21,84920 Sullivan View Apt. 380,South Thomas,jacob43@example.org,9818630125
23,MLI-659,Michael Parsons,46,9280 Glenn Canyon Apt. 471,Michaelfort,bchristian@example.net,642402652
24,3FCQ529,Alexander Tyler,18,80560 Jenny Trail Suite 693,Deannamouth,hkim@example.net,9243282585
25,XID-9925,Thomas White,47,87757 Stevens Dam,Clarkville,harrelljonathan@example.org,9937365793
26,YWF-8794,Jason Jackson,51,8125 Ward Course,Ryanview,robertoleblanc@example.org,2773086871
27,NHD-8831,Mrs. Lori Pierce,42,807 Smith Throughway,Port Veronica,shannonbradford@example.org,3181848259
28,VAY-1670,Rhonda Harris,27,67877 Simmons Square,Lopezmouth,brandonsaunders@example.org,8827781623
29,IEK-6842,Jesse Grant,22,830 John Drive Apt. 806,Dillonside,zpitts@example.net,862516352
30,3ZXI895,Steven Carey,26,08442 Jennifer Lane,Port Randychester,connorlong@example.com,2760415009
31,RQC-2223,Cheryl Nielsen,25,1176 Donna Plain Apt. 075,Alexandriaberg,rubiobrian@example.org,2791334665
32,TZA-6838,Lawrence Pierce,45,7709 Shelby Corners,Doughertystad,noahrobinson@example.net,7445622569
33,2SZL453,Jeffrey Brady,45,0410 Amanda Wall,Johnsonhaven,johnsonmichael@example.com,3026998682
34,4BRT523,Christopher Bullock,69,612 Stephanie Ridge Suite 582,Yoderbury,bonnie37@example.com,6505012260
35,WUU-8413,Deborah Good,36,677 Brittany Inlet Apt. 713,Port Jaredmouth,dorseykeith@example.net,4091962339
36,BWW-402,Marcus Lee,26,0477 Carol Motorway,Jensenchester,ppierce@example.com,1715182528
37,ILA-4618,David Carter,21,573 Angela Mission,Jessicaborough,gonzalezashley@example.net,6368332413
38,PPV-2387,Susan Harris,17,137 Hughes Creek,South Nicole,john27@example.org,6475743341
39,WZG-310,Katherine Rodriguez,58,752 Rivera Points Apt. 528,Port Kristenburgh,howardjonathan@example.org,9710373627
40,RSJ-516,Mr. Randall Cantu MD,43,37515 Williams Branch Apt. 226,Danfort,parsonsstephanie@example.com,7235903342
41,9TZS915,Kathleen Winters,37,023 Jimmy Mill Suite 998,Jackiemouth,brandimcclain@example.net,7924849465
42,5FTP776,Russell Michael,44,473 Galvan Manor,Vernonstad,iavila@example.com,6754300585
43,2CFS794,Thomas Singleton,60,4476 Case Hollow,Port Madisonmouth,monicahayes@example.org,7563882538
44,ZVZ-0968,Sarah Brooks,61,2088 Lee Flat Suite 315,New Brian,phall@example.com,3056024153
45,9UWG744,Scott Gross,50,29078 Justin Road Apt. 306,Jerryhaven,kimclark@example.com,6325238911
46,RUB-567,Karen Gibbs,55,488 Stacy Hill,New Larrymouth,thomasbarber@example.org,8779137039
47,DVD-516,Megan Maxwell,47,412 Samantha Wall,Harrisonchester,jessica39@example.org,2128307656
48,YDN-0099,Linda Zimmerman,20,140 Adrienne Valley,New Ryanhaven,isaacharris@example.com,6338610347
49,FEO-9274,Deanna Johnson,37,53277 Spencer Shores,Timothymouth,josephkendra@example.com,6672989892
50,SMX-7341,Edwin Dodson,18,3598 Courtney Isle,North Anthonyton,julieward@example.com,3457411652
51,RTJ-2200,Melissa Walker,35,3541 Benjamin Hills,Clarkmouth,acraig@example.net,1180367717
52,CPE-4370,Dr. Christine Suarez,69,315 Cody Island,East Donnaview,april99@example.com,6940389658
53,GQK-9085,Amanda Turner,40,3362 Howell Heights,South Dylanhaven,jeromewilson@example.net,3357488439
54,1RAS526,Dr. Timothy Moore,28,030 Laura Union Suite 058,Taylortown,pstanley@example.org,2997828288
55,9CMA439,Jason Turner,43,3363 Katherine Lights,Port Mirandaland,martinnatasha@example.com,6155891343
56,MSE-294,Carly Morgan,52,8593 Porter Spurs Suite 810,Gonzalezton,jennifer91@example.org,7736697513
57,UGF-756,Steven Marshall,60,818 Richard Ranch,Lake Heidibury,joshua75@example.net,1419966667
58,HEI-165,Mariah Wilson,17,4153 Alyssa Row Suite 665,Fernandoton,vicki82@example.net,9464425301
59,FQM-7873,Lisa Conway,24,086 Fernandez Plains,Vangland,jennifermendoza@example.net,5448362638
60,3SOC913,Christopher Martin MD,70,9364 Huerta Trace Suite 239,Garyville,isilva@example.org,4757779482
61,JPQ-365,Monique Espinoza,15,2143 Kimberly Mountains,Port Valeriefort,eric06@example.net,864192935
62,QCF-0029,Stephanie Mclean,37,6676 Leslie Pike,Robertsmouth,harpergarrett@example.com,3796859776
63,VLL-603,Daniel Fowler,34,0606 Norman Corners,Craigville,preston92@example.com,7720433779
64,9DXD419,Nancy Ward,42,614 Pamela Lock Suite 835,Port Brittany,ballardkeith@example.com,6434446443
65,8MRY422,Nicole Cruz,67,84761 Mckenzie Junction,Millerberg,hansenlori@example.org,8227647529
66,OLM-0315,Tony Watts,56,15106 Breanna Centers,New Matthew,jjohnston@example.com,4068586918
67,HFO-6065,Natalie Chen,67,7545 Matthew Loop Apt. 251,Kimberlymouth,olivia81@example.com,1177030607
68,AJY-295,William Goodman,50,6889 John Lane Suite 282,West Susan,meagan97@example.com,4289905676
69,NPD-9446,John Stafford,30,8095 Ford Estates,Krystalport,debbie80@example.org,4425933352
70,FTU-659,Adam Fletcher,39,1954 Mclaughlin Hollow,South Joseph,sarahray@example.com,8817023234
71,3KOJ148,Steven Pacheco,47,907 Bailey Light Suite 524,Lake Michael,lewisdavid@example.com,7866412494
72,PVD-530,Cindy Newton,15,6772 Patricia Unions,North Christina,richmondterri@example.com,1809640111
73,CKH-1529,David Ruiz,17,10552 Caitlin Cliff Apt. 449,West David,andrewlopez@example.com,9420589953
74,7YDF515,Manuel Valdez,46,53708 Lopez Lodge,East Louis,smithtina@example.com,1710822630
75,9LLC299,Wendy Marshall,22,769 Ryan Oval,Lake Kelly,kristin25@example.org,5867240073
76,2JPB947,Becky Austin,65,789 Johnson Villages,East Steven,blairdavid@example.org,761802166
77,6FTI491,Michael Brown,61,534 Paul Street,Sandersville,farrellpatricia@example.net,8590392522
78,XGD-468,Brianna Anderson,24,48378 Thomas Islands Suite 238,Evanshaven,emartinez@example.org,1843621935
79,UKI-635,Alexandra Duran,21,6629 Jennifer Cove Suite 610,West Christianchester,lewisnathan@example.net,8578916792
80,DFY-625,Robert Lucas,31,99895 Mckay Summit,South Christinaport,villarrealalexandria@example.net,5865108014
81,RJD-3616,Cynthia Howard,40,439 Ashley Estate,Ericaberg,jamescampbell@example.org,4888673545
82,IVK-7707,Linda Nichols,28,948 Hamilton Pine Suite 112,Danielfurt,laura46@example.org,3827729564
83,2FPW967,James Green,63,47443 Gina Mountains,West Williamfurt,destiny82@example.com,543805545
84,6MFR472,William Sanchez,25,16264 Hall Locks Suite 138,Monicahaven,rosaleskatelyn@example.net,8935713887
85,3ENT919,Stephanie Phelps,33,67330 Ryan Burg,Brittanychester,jhughes@example.org,806096880
86,SZU-659,Connie Brown,37,834 Stuart Gateway Suite 393,Lake Kelly,jasmine41@example.net,1982756279
87,5ELK411,Robert Jacobs,58,1012 Patricia Forges,Lake Colleen,ryanhill@example.com,9508807997
88,TNC-286,Tyrone Espinoza,40,709 Butler Neck,Robertschester,mhooper@example.org,8441217158
89,1TQG273,Jamie Cabrera,55,54052 Lane Turnpike,Cainside,qburke@example.org,1486479978
90,CHY-9149,John Rodriguez,24,7056 Ellis Club Apt. 018,Port Kellychester,isosa@example.org,3065337067
91,WFL-575,Laura Johnson,36,4053 Jackson Drives,West Sarashire,lnguyen@example.org,6638861252
92,7HFQ666,Wesley Rich,49,0708 Stephen Groves,Kayleeberg,wheeleramber@example.org,7717162878
93,2NRV325,Tyler Hall,48,2126 Taylor Tunnel Suite 090,East Alexandra,charles64@example.org,1866316111
94,NDC-062,Edward Robinson,25,738 Scott Via,Lake Maryshire,yucristian@example.net,5738467375
95,VGC-7067,Allison Gaines,52,60579 Romero Row Suite 668,Parkstown,qphillips@example.net,9565065771
96,TJC-492,James Burch,47,11548 Farmer Road,South Micheal,carolgonzales@example.org,977819888
97,OTS-834,Traci Hatfield,57,50298 Michelle Harbor Suite 658,Charlesberg,toni51@example.com,525270709
98,HON-288,John Porter,57,0939 Robert Terrace Apt. 477,Baxterville,angelaclark@example.net,3254295726
99,5AFD795,Blake Potter,64,3535 Hendricks Rapid,East Stephanie,curtischristine@example.org,4253817831
100,TUX-8004,Gregory Nelson,69,7002 Brittany Way,West John,dominiquesandoval@example.net,8447730259
101,TKV-091,Autumn Moody,34,11311 Frazier Trail,Johnsonstad,jade09@example.org,9511061439
102,HLT-916,Joshua Castaneda,67,46112 Brent Circle Apt. 627,South Amybury,greensusan@example.com,5160098359
103,4IRM746,Billy Kelly,23,91335 Bell Field Apt. 099,Ashleeville,zmunoz@example.org,4864729220
104,JOD-5561,Zachary Robinson,34,9551 Julie Cliffs,Velasquezborough,austin26@example.org,2268368601
105,3XIC993,Courtney Grant,66,287 Moody Drives,New Anthonyborough,jeanettewilson@example.net,2938443611
106,NNF-6907,Evelyn Smith,61,307 Flores Overpass Apt. 439,Kurttown,qwolf@example.org,7563655521
107,8CUS462,Briana Johnson,60,164 Park Lake Apt. 207,Berrytown,leah98@example.com,9305544552
108,SBL-115,Katherine Rowe,44,98947 Yu Circles,East Ryan,fernandezallen@example.com,3927213454
109,UOC-343,Stacy Patton,38,71229 Tyler Port Apt. 899,Maysfort,bianca04@example.net,7452382844
110,GOD-0424,Joe Bishop,38,3152 Perez Forks,New Lindaton,nataliealvarez@example.org,7481987030
111,XPU-403,Philip Johnson,61,356 Hayes Vista Suite 134,New Laurashire,brianacruz@example.com,5629131204
112,3FUC543,Robert Taylor,21,075 Davis Street Apt. 323,Susanberg,dannymartin@example.net,7039514453
113,DRQ-071,Joseph Johnson,62,63221 Angel Dam Apt. 972,Thomasberg,brownaudrey@example.com,3419505302
114,NMN-2423,Courtney Lucas,36,02018 Garcia Cape Apt. 768,Lake Lonniechester,judybarnes@example.com,9017816590
115,YMR-3308,Douglas Edwards,53,7113 Bryant Summit Suite 706,Jacksonport,sanfordsteven@example.net,3466461498
116,QWV-7272,Stephen Jacobs,58,23253 William Tunnel,Lisafort,williamspeter@example.net,6553622675
117,SDY-5860,John Tucker,22,122 Ryan Ranch,Bethland,jessicahernandez@example.net,4794017932
118,DPB-1704,Lynn Graham,57,9904 Willis Squares Suite 106,Lake Adam,christina98@example.org,3748897706
119,3NMI789,Christopher Martinez,30,51617 Deborah Crossroad,North Emily,robin00@example.com,7818207525
120,6JHY851,Gregory Lee,53,67898 Carter Inlet,Jesseport,hjames@example.com,1334790482
121,1TER521,Joseph Booth,49,43236 Pena Village,Crystalmouth,ramirezkatrina@example.net,5730164792
122,9GMK365,Kiara Love,30,559 Rodney Locks Apt. 130,East Alexanderland,kevinclark@example.org,6622408388
123,KCH-8576,Adam Mcguire,20,784 Clay Shore Apt. 357,Melanieberg,raymondbates@example.com,1041315658
124,NSM-4446,David Castro,27,922 Simpson Alley,Conniemouth,thomas20@example.com,9815749957
125,CGX-8152,Jordan Cannon,32,9173 Amanda Springs Suite 611,Dennisside,pbrewer@example.org,8508210411
126,4WHQ551,Kelly Roberson,38,589 Esparza Junction,Martinside,michelle75@example.org,1468916182
127,8YWK891,Lindsey Bonilla,38,92063 Martinez Hollow Apt. 449,North Sarah,carpenterashley@example.org,8078969727
128,1KSQ952,Michael Mata,22,7139 Justin Knolls,Wadetown,derek12@example.org,590954769
129,IYK-6858,Erin Lewis,41,384 Simmons Locks Apt. 941,Annaport,gonzalezcheryl@example.com,9045206748
130,MCT-5861,Douglas Williams,31,462 Jacobs Pine,East Lori,freemanbryan@example.net,3649054797
131,KZH-5986,Juan Bradshaw,52,44818 Suzanne Glen,Arnoldshire,wroberts@example.net,3572806442
132,3EQR925,Dawn Berry,34,354 Rosario Stravenue Apt. 001,Russellmouth,christophermoore@example.net,8165427173
133,ASE-759,Roberto Houston,68,404 Jessica Roads Suite 055,South Angela,cortezsarah@example.com,3056931088
134,YHC-5165,David Miller,24,70126 Gary Street,Johnsonview,greenbrandy@example.com,8237351162
135,3FTZ451,Elizabeth Best,22,0759 Heather Roads Suite 788,Jamiestad,jacquelineadams@example.com,7193087049
136,1BIG277,Elizabeth Weiss,59,619 Stephanie Brooks Apt. 082,Taylorhaven,reginaldbyrd@example.com,7904040113
137,3ORI754,Bryan Frey,29,878 Schmidt Skyway Suite 441,North Francisport,janice97@example.org,1864585172
138,FWL-5155,Leah Hill,42,6051 Margaret Crescent Apt. 705,New Susan,lukecaldwell@example.org,8534790771
139,LNA-686,Anthony Hernandez,16,0201 Cunningham Key Apt. 839,Johnsonstad,leejeremy@example.org,1432453834
140,8OXJ529,William Ramsey,28,348 Donna Haven Suite 990,Ingrammouth,grayruth@example.net,3677496182
141,ENK-0819,Tim Gonzales,27,55726 Silva Flat Suite 373,Krausemouth,nsanchez@example.org,8580478723
142,9VBO427,Patrick Page,39,64573 Maynard Ville,Seanchester,ybarnes@example.com,2113990381
143,4BKT244,James Blake,23,69927 Nicholas Shores,Amymouth,scannon@example.net,1638128502
144,2KVB856,Allison Santana,62,0888 Howell Spring Suite 393,West Lydia,mcdonaldchristopher@example.com,1458788832
145,1JFO416,Jose Banks,19,06846 Brian Views,New Matthewberg,harrellkim@example.net,1416199622
146,MND-017,Melissa Giles,60,7683 Ross Rapids Suite 585,East Debrafort,patelemily@example.org,8060823807
147,ETI-1453,Frances Campos,19,1345 Park Isle,Gaymouth,william80@example.net,2393046821
148,1ZTA664,Amber Obrien,47,7632 Timothy Plain Suite 432,West Ashley,thompsonoscar@example.org,5213279639
149,CFK-572,Victoria Russo,39,66344 Oconnor Crescent Apt. 460,New Amy,kellerwilliam@example.net,5264158829
