,Unnamed: 0,Tracking ID,address
0,0,WRLTRFG,8095 Ford Estates
1,1,RUV3VC7,98947 Yu Circles
2,2,PD1J3W8,789 Johnson Villages
3,3,EWI30CR,9551 Julie Cliffs
4,4,710J44D,227 Boyle Vista Apt. 777
5,5,HEBWOYK,9280 Glenn Canyon Apt. 471
6,6,AFS7TA4,0708 Stephen Groves
7,7,DJHLLX8,1012 Patricia Forges
8,8,13YSF0T,6051 Margaret Crescent Apt. 705
9,9,QYX4LG7,9280 Glenn Canyon Apt. 471
10,10,X8ZD9KX,91335 Bell Field Apt. 099
11,11,0LHK7GK,140 Adrienne Valley
12,12,MUM1V8Z,1176 Donna Plain Apt. 075
13,13,9ZOFM68,394 Anthony Curve
14,14,MJ4O23R,9551 Julie Cliffs
15,15,A0O6KM1,677 Brittany Inlet Apt. 713
16,16,IK4CZQC,53277 Spencer Shores
17,17,FZ3KS2T,91335 Bell Field Apt. 099
18,18,S1FIV5C,439 Ashley Estate
19,19,TEAMQCJ,3363 Katherine Lights
20,20,0AX40NH,948 Hamilton Pine Suite 112
21,21,IGK6C7M,122 Ryan Ranch
22,22,7RZZTW5,51559 Little Field
23,23,MCL6PGX,473 Galvan Manor
24,24,I8QQKS7,3535 Hendricks Rapid
25,25,IBMWA1W,0477 Carol Motorway
26,26,GRI680G,8095 Ford Estates
27,27,B07B1YJ,348 Donna Haven Suite 990
28,28,7K2GDYU,7113 Bryant Summit Suite 706
29,29,TBDD7OF,619 Stephanie Brooks Apt. 082
30,30,MNX9XUR,87757 Stevens Dam
31,31,BOPJ0J5,7970 Smith Port Suite 912
32,32,ODUHA46,46112 Brent Circle Apt. 627
33,33,475YAEG,97258 Mark Neck
34,34,9NO5BDP,677 Brittany Inlet Apt. 713
35,35,6RHN7WT,3152 Perez Forks
36,36,IYP60ZG,7683 Ross Rapids Suite 585
37,37,6V2JQ81,51559 Little Field
38,38,VP13MIM,614 Pamela Lock Suite 835
39,39,7CKZ1AC,559 Rodney Locks Apt. 130
40,40,4BQ4U1J,47443 Gina Mountains
41,41,B1WD2HU,922 Simpson Alley
42,42,DQVGDLT,8593 Porter Spurs Suite 810
43,43,JE2KEIO,67877 Simmons Square
44,44,SCU0KLH,02018 Garcia Cape Apt. 768
45,45,V9JALGY,769 Ryan Oval
46,46,CTMOU2W,7683 Ross Rapids Suite 585
47,47,97UPFPV,83844 Ross Bridge
48,48,C8R6RNH,7632 Timothy Plain Suite 432
49,49,T87NJEF,87757 Stevens Dam
50,50,DZBTEER,922 Simpson Alley
51,51,26KDOQ0,67330 Ryan Burg
52,52,SHYT0VF,559 Rodney Locks Apt. 130
53,53,D6J09CQ,67877 Simmons Square
54,54,ASGZX00,91335 Bell Field Apt. 099
55,55,MSR9ZPZ,11311 Frazier Trail
56,56,CDZ52ST,0410 Amanda Wall
57,57,WBNE5BN,6629 Jennifer Cove Suite 610
58,58,Y5M6VCL,6772 Patricia Unions
59,59,Y8YR4CC,7970 Smith Port Suite 912
60,60,WG85J28,6676 Leslie Pike
61,61,T72AYQQ,2088 Lee Flat Suite 315
62,62,B5TDUHZ,573 Angela Mission
63,63,GVIWIQJ,315 Cody Island
64,64,JSQPAHL,2088 Lee Flat Suite 315
65,65,CDI1Y95,789 Johnson Villages
66,66,AALVFKO,11548 Farmer Road
67,67,TTSWB5E,69927 Nicholas Shores
68,68,D96T8Q8,738 Scott Via
69,69,GF6XTAP,612 Stephanie Ridge Suite 582
70,70,92I7MQV,4476 Case Hollow
71,71,9URHQVF,80560 Jenny Trail Suite 693
72,72,VSU5LD4,614 Pamela Lock Suite 835
73,73,9FS3U48,43236 Pena Village
74,74,UMK7WZ8,53356 Cannon Trail Apt. 081
75,75,GFV0RDK,7139 Justin Knolls
76,76,AQ8D89Q,51617 Deborah Crossroad
77,77,U7F273Q,7970 Smith Port Suite 912
78,78,FEISA2Q,87757 Stevens Dam
79,79,K5V3E3U,075 Davis Street Apt. 323
80,80,ZXQBN7I,922 Simpson Alley
81,81,RHIXU4F,7970 Smith Port Suite 912
82,82,9UIZO5L,075 Davis Street Apt. 323
83,83,9S1E3JK,8125 Ward Course
84,84,YAXMSLQ,23253 William Tunnel
85,85,JLDUA8L,71229 Tyler Port Apt. 899
86,86,8CZPKUL,67877 Simmons Square
87,87,X359IHL,3362 Howell Heights
88,88,4GUNMOV,619 Stephanie Brooks Apt. 082
89,89,3MIHV57,97258 Mark Neck
90,90,OVLLBNS,0477 Carol Motorway
91,91,9JYJ0R6,70126 Gary Street
92,92,F8VUAW6,4153 Alyssa Row Suite 665
93,93,ZNOQRMO,612 Stephanie Ridge Suite 582
94,94,ECKERW9,3541 Benjamin Hills
95,95,9WERQUD,348 Donna Haven Suite 990
96,96,PHQ7JUG,2185 Erik Burgs
97,97,SB8ZL9B,3598 Courtney Isle
98,98,IL2ZNB6,51559 Little Field
99,99,UULUSD0,55726 Silva Flat Suite 373
