,id,name,address,city,email,phone_number
0,JGZ-4842,Crawford Inc,7791 Mendoza Cliff Apt. 204,Jasonborough,cdonovan@example.com,2741305372
1,2FLK744,Campbell and Sons,6712 Mark Ways,New Aaron,donnaking@example.com,8084115147
2,DHX-191,Thompson-Huang,6289 Thomas Extensions Apt. 640,New Donald,richardcooper@example.net,3641108335
3,TRH-717,Evans and Sons,52325 Nicole Islands,Floresville,fitzgeraldandrea@example.com,450903378
4,7ESU165,Mccormick-Walker,95638 Bethany Ports Suite 374,Cainton,johnlewis@example.com,4329535944
5,XEZ-3832,"Nelson, Martinez and Ferguson",439 Tyler Burg,Taylorchester,kristiethomas@example.com,377505990
6,HRJ-128,Ramos-Newman,1654 Jason Trail Suite 535,East Juliahaven,samanthabrooks@example.org,8528238120
7,4CVC657,Hernandez-Palmer,592 James Path,Catherineview,hawkinskaren@example.com,3214864861
8,1KKA942,"Gardner, Baker and Hale",4890 Scott Circle Apt. 780,East Coreymouth,patrickamanda@example.net,683009347
9,ORV-636,Collins-Rodriguez,23101 Kristy Shoals Apt. 407,Amyborough,jordan70@example.org,1901294899
10,3DTQ784,Murphy-Castaneda,568 Jones River Apt. 745,West Christine,zwarren@example.org,2850465569
11,CVO-898,Scott-Thomas,0089 Fernandez River,Garciastad,karikim@example.org,5930195957
12,AUY-5858,Williams LLC,4202 Padilla Squares Suite 247,New Rachel,morriselizabeth@example.net,5182692066
13,KRH-040,Crane PLC,386 John Dale,North Timothyborough,gainestonya@example.net,4965967348
14,OLN-592,Murphy-Berger,48323 Daniel Skyway Suite 628,East Donna,whitelisa@example.org,2844303017
15,RUS-9021,"Black, Mcguire and Weaver",924 Bill Crest Apt. 038,Kleinton,masonelizabeth@example.com,6006998353
16,AJQ-7252,Edwards-Richards,83138 Katherine Springs Apt. 256,South Nicole,phelpsdonna@example.org,6793305337
17,XUE-668,Shepherd-Nguyen,835 Carolyn Highway Suite 714,South Meghan,holmeschristina@example.net,5306500375
18,POP-498,Cooper-Massey,323 Yates Lakes Apt. 650,New Deborah,abigail93@example.com,5995034203
19,6OZZ475,"Schultz, Miller and Saunders",6399 Nicholas Isle,West Stevenberg,kathleenholmes@example.net,2663489501
20,TRN-832,"Price, Powers and Cunningham",6911 Baker Heights,East Ashley,mariewilliamson@example.org,4070959538
21,UKJ-141,Harris LLC,165 Sara Keys Apt. 025,Lake Rebecca,sroy@example.org,1083376592
22,AOE-3526,Kramer Ltd,959 Joshua Drives,Crawfordburgh,matthewking@example.net,6687951699
23,ZZE-9916,"Ortega, Peck and Washington",814 Michelle Harbors,Port Marcusstad,jacksonbrooke@example.org,9885942669
24,YOV-885,Foster Inc,86753 Washington Manors,New Yvonne,hannahhartman@example.net,3431902117
25,HWR-9762,"Melendez, Mcgee and Glover",93310 Joseph Squares,Port Marthaberg,melissadavis@example.org,7296978302
26,XJZ-214,"Harris, York and Donovan",98542 Anthony Spring,Lindseyberg,christopher81@example.com,5721513172
27,NUD-009,"Harrison, Newton and Harrison",5137 Francisco Ramp Apt. 304,Tinaview,michael21@example.com,2773277279
28,1RXE487,Whitehead LLC,92405 Cody Viaduct Suite 611,Blackchester,justin00@example.org,9470425433
29,4JYG488,"Scott, Mills and Lara",801 Bond Freeway Suite 715,Jamesstad,eric30@example.com,810056040
30,MEI-2677,Cooper-Pitts,423 Johnson Hills Suite 520,South Angela,sjohnson@example.com,3899674870
31,GTW-973,Baldwin-Rios,7406 Jillian Ridge,Shaunmouth,mcleanmichelle@example.com,7909319036
32,MFM-5846,Johnson Group,1973 Shaw Lock,Newtonview,dbryant@example.com,1945548954
33,KKW-046,Medina-Rhodes,980 Hanson Forge Apt. 850,Jefferyport,irichardson@example.org,6583740877
34,NMI-816,"Hill, Taylor and Evans",91502 Michael Park Apt. 267,Jenniferview,rangeldaniel@example.org,5628216608
35,NFZ-8029,Wright-Banks,2706 Edwin Pass,East Davidhaven,kristinjones@example.net,6898628048
36,PRT-227,Reyes Inc,416 Jerome Inlet Apt. 744,Kristaberg,richard18@example.net,7486653320
37,DDE-498,"Warner, Burton and Hardin",26834 Harris Key,New Kara,urodriguez@example.com,2383669892
38,WYV-4875,"Matthews, Jones and Molina",289 Jorge Prairie,Christopherton,ashleyrussell@example.org,8841625967
39,VFS-040,Sparks-Long,88359 Brian Shoals Suite 657,New Jillmouth,joshuagutierrez@example.net,4969386928
40,VVE-266,Fletcher-Aguilar,275 Sarah Terrace Apt. 612,Leonardberg,gregoryshields@example.net,6043256644
41,DBG-7795,Wilson-Mueller,9919 Brittany Heights,North Sarahfurt,mayersharon@example.org,3411201081
42,JTE-074,"Rodriguez, Diaz and Rice",897 Kathy Ranch,Robertmouth,branchjoel@example.org,4234611402
43,TSX-7935,Soto-Haney,04023 Wilkinson Crest Apt. 979,South Alyssa,penny04@example.com,6942911195
44,KYG-720,"Ramirez, Rodriguez and Robertson",115 Mcdonald Well,South Stacey,bjones@example.net,10842101
45,3WFX539,Reed PLC,14252 Moore Unions Suite 811,Bakerchester,mriley@example.com,9895293121
46,6PWM699,Caldwell-Vega,153 Christopher Forges Suite 902,North Charles,vstanton@example.net,6071736884
47,3FEL274,Mckay LLC,23291 Samuel Crossing Apt. 651,Nathanberg,sabrina88@example.org,6279034674
48,1WEJ513,Sullivan-Butler,907 Colon Route,Lake Sarah,stephenmarshall@example.org,6590259245
49,8CVT954,Lawson Group,6309 Garcia Spring,Pughshire,mullendaniel@example.com,9055520606
50,5ENX652,"Martin, Williams and Cook",09668 Melissa Falls,Lake Douglasberg,imurphy@example.net,6004171712
51,OPF-7631,Jackson LLC,81694 Russell Ville Suite 571,North Ashleyfurt,lewisjennifer@example.net,7562781692
52,ASW-1181,Brown and Sons,997 Calvin Gardens Suite 356,Lake Benjaminmouth,williamsnatalie@example.com,1907633399
53,3ZRN516,Palmer PLC,5429 Lauren Glens Apt. 388,Bakerburgh,iwilson@example.org,7934851764
54,VMY-984,Adams and Sons,716 Steven Crossing,East Alexanderside,davidhartman@example.org,4994705481
55,JXD-1213,Anderson PLC,8168 Burton Bridge Apt. 140,New Robin,uwright@example.net,9275368940
56,HEV-0006,Chapman Ltd,6097 Dalton Mountain,East Billyfort,carly45@example.com,2935151218
57,YOL-4245,Elliott Ltd,76676 Nancy Roads Apt. 654,Lake Michelleberg,vblack@example.com,6592415208
58,RPP-443,Hubbard-Munoz,36991 Jones Plaza Suite 778,Michaelburgh,angelicaperkins@example.net,1086379944
59,5FRL257,"Young, Miller and Thomas",61041 Salazar Divide Apt. 213,North Debra,jamesmiranda@example.org,2624756444
60,JYC-9014,Jenkins-Green,64260 Alvarado Pines,Matthewtown,ilong@example.net,7282265634
61,OAB-4555,Reyes PLC,57700 Castaneda Hollow,North Amandastad,mahoneykristen@example.net,2663867719
62,ZIY-578,Yu Ltd,0602 Fields Hollow,Sharonburgh,keithcindy@example.org,5006329781
63,6FWE749,Walton-Hartman,629 Palmer Mountain,North Matthewchester,paulparker@example.org,6994098329
64,ILF-3232,"Bender, Lee and Cooper",860 Carrie Avenue,New Hollyborough,icooper@example.com,4562162170
65,2ERT568,Ball Group,4977 Luna Rapids,Austinstad,sfrank@example.com,2666995506
66,WQW-5140,"Gregory, Barrett and Riggs",42014 Stanley View,West Steven,joshuahamilton@example.net,3506986498
67,4XFM652,Shah Ltd,984 Watson Port,West Tiffany,mwilkins@example.com,4973288190
68,TAP-576,Jones-Johnson,5570 Matthew Junctions Suite 794,Melaniefurt,jthomas@example.org,7009712668
69,3BNM221,Green and Sons,1347 William Heights,Leviberg,william36@example.com,3173852499
70,8LSQ921,"Robinson, Valencia and Pruitt",9689 Jennifer Common Apt. 789,South Ashleychester,lvalenzuela@example.net,377078642
71,MLO-4733,Simmons-King,242 Hawkins Estates Apt. 644,East Maryfurt,arnoldangela@example.org,9515424934
72,FRY-600,Hernandez-White,7203 Tanya Club Apt. 074,South Amanda,tracybarnes@example.com,6536743361
73,3GGT141,Monroe-Walton,691 Sarah Knoll,Michelleborough,bferrell@example.com,1333205952
74,9NPV696,Pitts-Morgan,753 Schmitt Squares Suite 038,Port Keith,jennifer75@example.com,5658794528
75,UMS-3402,Miller and Sons,0815 Charles Springs,Foxfort,ncampbell@example.org,6980980793
76,8ZVZ443,Hoover-Mcfarland,603 Amanda Gardens Suite 401,North Joseph,davidyoung@example.com,1854186675
77,4UQW264,"Sanders, Giles and Hutchinson",5214 Jorge Summit,North Johnton,carpenteranthony@example.org,7026351512
78,NRR-778,Smith-Cortez,604 Sparks Falls Suite 619,West Josephton,johnsongeorge@example.net,1809137390
79,PEX-377,Phillips Ltd,0712 Perez Trail Apt. 658,West Lauraville,maria42@example.com,4980393599
80,9LTQ832,Arroyo-Mata,829 Henry Junctions Apt. 419,Harrisfort,martinchase@example.net,9489177164
81,4MFL133,"Fields, Jackson and Smith",04189 Robert Mills,North Victoria,mhernandez@example.org,5468987036
82,5QNX725,Acosta Group,6245 Louis Island Apt. 143,Stephaniehaven,jonathanyoung@example.com,1303664367
83,YEC-3149,Rodriguez-Greer,134 Sanders Highway Apt. 099,West Richardton,travis16@example.net,9425176628
84,MVY-694,"Taylor, Harper and Jackson",79734 Martin Flat,Samanthabury,jruiz@example.org,8171615031
85,4FYK314,Goodwin-Garcia,603 Leah Isle,Daviston,tuckersusan@example.com,6571629447
86,ZCO-1967,"Weaver, Adams and Morris",1424 Cunningham Row Apt. 958,Diamondport,krista57@example.net,3396636142
87,VBJ-7584,"Simmons, Ashley and Davis",8637 Amanda Plaza,Katherineborough,saunderskevin@example.org,6200612671
88,CRQ-6453,Morales-Smith,684 Wood Plains Apt. 250,North Kelliport,mariocarey@example.com,1614495713
89,6HVY869,"Brown, Zamora and Ward",9289 Stone Highway,Reginaldton,nicoleharris@example.com,8067796324
90,ZQX-268,"Zimmerman, Good and Jordan",619 Krystal Road,West Melanie,grosario@example.org,7278942376
91,YVU-5450,House Ltd,0978 Steven Tunnel,New Jonathan,brandonjohnson@example.com,6332548661
92,QML-087,"Hunter, Donaldson and Gutierrez",5936 Virginia Canyon Suite 547,New Meganside,stantonhannah@example.com,6953263404
93,7OZS975,Graham Ltd,40712 Ashley Trafficway Suite 069,Ericatown,pthomas@example.org,1740271754
94,ISZ-033,Carson-Bray,21609 Harold Drive,East Amy,julie93@example.org,1637172749
95,GPJ-9339,Scott-Lee,501 Wood Ford Apt. 721,East John,pgray@example.com,2858113090
96,8NOJ889,Stewart Inc,51317 Elizabeth Haven Suite 530,Barryland,ashleyramirez@example.com,5860976893
97,XST-2619,Clayton-Francis,95132 John Village,Franklinfort,melissa63@example.net,7479065459
98,JHM-8840,"Browning, Hawkins and Bradley",93808 Woodard Road Suite 734,East Donna,brian09@example.net,2422605606
99,NXY-8313,"Frank, Palmer and Terry",3254 Daniel Terrace Suite 370,Mcknightview,katiejones@example.com,6836885197
